evals;expr;nll;coeff;best_nll
1;abs(1.0 / x) ^ (abs(x) ^ (abs(x) ^ -x));3730.581649460005;[-0.771031455323561, -0.5070426032339499, 0.7339889485097033];3730.581649460005
2;p1 ^ (p2 + 1.0 / (p3 / x - x));835.8835865669121;[1.2958222250259819, 4.091730952687327, -0.0021703367295110004, -0.23642034688442568, -0.5052892971165284, 0.7381515121091341];835.8835865669121
5;x + p1 * (x + abs(1.0 / x) ^ p2);-972.8681662738406;[-1.3848302291555936, -0.5922938828827067, -0.08196151948321422, -0.5030102879368085, -0.7417769310799831];-972.8681662738406
47;p1 + (x + -1.0 / (p2 - p3 ^ x));-998.5793332648778;[1.304414664191153, 1.8237213321709274, 0.17998988666132582, 0.08149456297703037, -0.5025640591926436, 0.7401296691621942];-998.5793332648778
283;p1 + (x - p2 ^ (1.0 / (p3 + x)));-999.7566719974319;[1.864700769478103, 1.2456380374755283, 0.38171906970698777, -0.08129474542342092, -0.5026416421543607, -0.7399124257288926];-999.7566719974319
1691;abs(p1 + abs(x * x) ^ p2) ^ p3;-1000.5286158549361;[-0.23177809728793392, -0.12945207366546957, -2.0476005035165503, -0.08059715640303183, -0.5025955190242858, -0.7401156726032693];-1000.5286158549361
2055;x - p1 ^ (p2 - abs(x) ^ p3);-1002.0572882599361;[1.390072488525905e-5, 0.910750425326041, 0.0722560377706656, -0.0806089027396649, -0.5025293716125293, 0.7399860482600139];-1002.0572882599361
47774;1.0 / (p1 - abs(p2 + abs(x) ^ p3) ^ p4);-1002.3409364590589;[-0.018006421855819413, -0.27601522405795453, -0.297182755589866, 1.7516007575333878, 0.08058579491405887, -0.5025191136129609, -0.7399036046852624];-1002.3409364590589
80139;1.0 / (p1 + abs(p2 + abs(x) ^ p3) ^ p4);-1002.3409364613959;[0.018006544923177555, -0.2760156709678234, -0.2971832094207702, 1.7515977075079971, -0.0805857551180957, -0.5025184341869173, 0.7399037066655398];-1002.3409364613959
