evals;expr;nll;coeff;best_nll
1;1.0 / (p1 + abs(abs(x) ^ p2) ^ (abs(x) ^ p3));-908.6285974643746;[-0.3992601710674004, -0.3722638224170443, -0.08707223486578623, -0.08434421756792428, -0.5022676529036332, -0.7417279305068437];-908.6285974643746
2;p1 * x + x / (p2 + p3 * x);-946.0590176125511;[-1.171210376454304, -0.13488718758245358, -2.0830546791447033, -0.08366891480567322, -0.5025587256473721, -0.7382234686641604];-946.0590176125511
52;x * p1 ^ (-1.0 / (x + abs(x) ^ p2));-999.2155409290879;[0.3535867653100824, 0.1801062274160763, -0.08073433389457559, -0.5024280952405336, 0.7399241882305959];-999.2155409290879
166;abs(p1 / (p2 - abs(1.0 / x) ^ p3)) ^ p4;-1001.7488406609073;[-0.7037026203734199, 0.4001920067478347, 0.12427628018537765, 3.3791954291193624, 0.08062748381829433, -0.5025083991377485, 0.7399781809803683];-1001.7488406609073
808;abs(p1 + abs(p2 + 1.0 / x) ^ p3) ^ p4;-1001.761084991711;[-0.2646443282556816, 0.014444198623387191, 0.2929854714463767, -1.7786241047332965, 0.08059134021337676, -0.502521397774051, -0.739982710341814];-1001.761084991711
908;p1 + abs(p2 + abs(1.0 / x) ^ p3) ^ p4;-1001.8875235954798;[0.01621163337267292, -0.21541791837220398, 0.2517472101664617, -2.1984916747618604, -0.08068319802189805, -0.5025267418754502, 0.7399819584780549];-1001.8875235954798
5562;p1 - abs(p2 + abs(1.0 / x) ^ p3) ^ p4;-1001.8875236009474;[-0.016211397959265447, -0.21541808736950305, 0.251747197873169, -2.198490995120846, -0.08068324544948807, -0.5025253082429043, -0.7399822470249651];-1001.8875236009474
23702;p1 ^ (p2 - abs(x) ^ p3) - x;-1002.0572884848282;[1.3901083781647179e-5, 0.910750395396945, 0.07225605289484723, 0.08060908287264575, -0.5025295166347075, 0.7399856535558762];-1002.0572884848282
46201;1.0 / (p1 + abs(p2 + abs(x) ^ p3) ^ p4);-1002.3409364613959;[0.018006544923177555, -0.2760156709678234, -0.2971832094207702, 1.7515977075079971, -0.0805857551180957, -0.5025184341869173, 0.7399037066655398];-1002.3409364613959
