n;expr;nll;coeff;sum_fevals;sum_restarts;sum_runtime;best_nll
1;abs(x / abs(0.5 / x) ^ x) ^ x;1.7976931348623157e308;[0.0, 0.0, 0.0];0;0;0;1.7976931348623157e308
2;p1 / (abs(1.0 / (p2 + x)) ^ p3 - x);1962.5646991609142;[26.101518281059164, -8.860445101463839, -1.715434096453959, -0.35365339677740226, -0.5022101681986452, -0.737164566060072];52920;371;110.627913124;1962.5646991609142
8;p1 + (p2 * x + p3 * x);-648.1169163705629;[-0.18819279296659877, -0.527103929044999, -1.0134285999143804, 0.10645503051227988, -0.5029976732564815, -0.7303625392354098];114981;753;252.37459977400002;-648.1169163705629
51;p1 * abs(p2 + -1.0 / x) ^ p3;-963.0971885961993;[1.7173826240976289, 0.027904432258362095, -0.6393413994421234, -0.08203561378112269, -0.5027132040080629, 0.7415610687470161];635987;6652;1800.2412303310005;-963.0971885961993
126;p1 + -1.0 / (p2 - p3 ^ (abs(x) ^ p4));-991.0117200324895;[-1.0361030113875997, -0.02145602464637571, -0.3489531673366515, 0.43059983693004705, -0.08108360426857981, -0.5024064017710803, -0.7397740579810053];1398911;14817;3869.9861145700015;-991.0117200324895
191;abs(x) ^ p1 / p2 ^ (abs(x) ^ p3);-1001.6463099507221;[0.5182540206143081, -0.5839100223037127, 0.3338141024735742, -0.08059829564425033, -0.5025213657719206, -0.7399980530394554];2199207;23039;6137.108237575997;-1001.6463099507221
712;1.0 / (p1 + abs(p2 + abs(x) ^ p3) ^ p4);-1002.3409364613959;[0.018006544923177555, -0.2760156709678234, -0.2971832094207702, 1.7515977075079971, -0.0805857551180957, -0.5025184341869173, 0.7399037066655398];8312818;82640;27091.872670680998;-1002.3409364613959
