n;expr;nll;coeff;sum_fevals;sum_restarts;sum_runtime;best_nll
1;p1 / (p2 - abs(x) ^ p3) - x;-998.3265175066103;[1.3661749679823416, -0.9502084885051155, -0.5741400415506395, -0.08064904664247903, -0.502879514808988, -0.7390800242057046];45540;332;87.554814897;-998.3265175066103
239;1.0 / (p1 - abs(x) ^ p2) - abs(x) ^ p3;-999.7737201896155;[-0.39182358403245476, -0.5069764721254353, 0.9592583464426256, -0.08072516952921106, -0.5024739276414965, 0.7399790519735976];2837739;27089;9141.351435813003;-999.7737201896155
634;abs(x / p1 ^ (abs(1.0 / x) ^ p2)) ^ p3;-1001.6463099507293;[0.3541208215725894, -0.3338141022628547, 0.5182540187000426, 0.0805983070911018, -0.5025213810308575, -0.7399980088870982];7151284;69001;23688.11718914102;-1001.6463099507293
1603;abs(p1 / (p2 + abs(x) ^ p3)) ^ p4;-1001.7488406406151;[-0.7036756551107171, -0.40021028012374454, -0.1242662891301273, 3.3793646264892643, 0.0806274418309359, -0.502506657909352, -0.7399782651187103];18816761;180673;64833.313620394176;-1001.7488406406151
4378;abs(1.0 / (p1 + abs(p2 + x) ^ p3)) ^ p4;-1001.8909440954477;[-0.22203160104496508, 0.0025291469475475286, -0.2518719207338807, 2.157500757850181, 0.08072395012289492, -0.5025441031801325, 0.7399949185956122];50231943;495159;165022.6073268241;-1001.8909440954477
5811;x - p1 ^ (p2 - abs(x) ^ p3);-1002.0572882599361;[1.390072488525905e-5, 0.910750425326041, 0.0722560377706656, -0.0806089027396649, -0.5025293716125293, 0.7399860482600139];66461395;657949;220676.37942969406;-1002.0572882599361
12821;p1 ^ (p2 - abs(x) ^ p3) - x;-1002.0572884848282;[1.3901083781647179e-5, 0.910750395396945, 0.07225605289484723, 0.08060908287264575, -0.5025295166347075, 0.7399856535558762];144283122;1429033;478637.9818490311;-1002.0572884848282
56952;1.0 / (p1 + abs(p2 + abs(x) ^ p3) ^ p4);-1002.3409364613959;[0.018006544923177555, -0.2760156709678234, -0.2971832094207702, 1.7515977075079971, -0.0805857551180957, -0.5025184341869173, 0.7399037066655398];643988546;6378692;2150689.3094803463;-1002.3409364613959
