n;expr;nll;coeff;sum_fevals;sum_restarts;sum_runtime;best_nll
1;abs(p1 ^ x) ^ p2 - abs(x) ^ x;1135.3919715410186;[1.7865125564136766, 1.8093220384375983, -0.12468844545809207, -0.5186678053431595, 0.6905941751726471];19731;250;56.592181624;1135.3919715410186
3;x * (p1 + p2 ^ (abs(x) ^ -x));431.5917285427913;[0.263333466220996, -2.3648567528663413, 0.19656559933264078, -0.5048512018115854, -0.730596413294311];48321;561;206.987292683;431.5917285427913
9;p1 + abs(p2 ^ x / x) ^ p3;-395.36501967310176;[0.11339949179711788, -0.7878163969944534, -0.5934724619961796, -0.1202508763010466, -0.4957214614163266, -0.737942941835518];125018;1537;435.44790659;-395.36501967310176
23;p1 - abs(p2 + abs(1.0 / x) ^ p3) ^ p4;-1001.8875236009474;[-0.016211397959265447, -0.21541808736950305, 0.251747197873169, -2.198490995120846, -0.08068324544948807, -0.5025253082429043, -0.7399822470249651];328539;3789;965.9868418899999;-1001.8875236009474
6599;abs(1.0 / (p1 + abs(p2 + x) ^ p3)) ^ p4;-1001.8909440954477;[-0.22203160104496508, 0.0025291469475475286, -0.2518719207338807, 2.157500757850181, 0.08072395012289492, -0.5025441031801325, 0.7399949185956122];74297362;738408;248205.19106679226;-1001.8909440954477
11113;1.0 / (p1 + abs(p2 + abs(x) ^ p3) ^ p4);-1002.3409364613959;[0.018006544923177555, -0.2760156709678234, -0.2971832094207702, 1.7515977075079971, -0.0805857551180957, -0.5025184341869173, 0.7399037066655398];125424715;1243398;422957.4850879998;-1002.3409364613959
