evals;expr;nll;coeff;best_nll
1;p1 + (p2 * x + x / (p3 + x));-995.9376750608005;[0.09544455346972743, 0.9298378303456822, 0.41653614065695943, 0.08178999053118831, -0.5028122108674217, 0.7402842901609337];-995.9376750608005
293;x + p1 ^ (1.0 / (p2 - p3 ^ x));-996.6506886244507;[-0.7339836877076584, 1.133309260413071, 0.300502565162753, -0.0817758610954954, -0.502557424644391, -0.7401549815046568];-996.6506886244507
527;p1 + (p2 ^ (abs(x) ^ p3) - x);-1000.7434398556906;[-1.019545973020145, -0.2998439774779807, 0.5866218004331628, 0.0806507822789766, -0.503106529618304, -0.7389823118420049];-1000.7434398556906
1086;abs(x) ^ p1 / p2 ^ (abs(x) ^ p3);-1001.6463099507221;[0.5182540206143081, -0.5839100223037127, 0.3338141024735742, -0.08059829564425033, -0.5025213657719206, -0.7399980530394554];-1001.6463099507221
2420;p1 + abs(p2 + abs(1.0 / x) ^ p3) ^ p4;-1001.8875235954798;[0.01621163337267292, -0.21541791837220398, 0.2517472101664617, -2.1984916747618604, -0.08068319802189805, -0.5025267418754502, 0.7399819584780549];-1001.8875235954798
7073;p1 + abs(p2 + abs(x) ^ p3) ^ p4;-1001.8875235991673;[0.016211206434678403, -0.21541831492095403, -0.2517474062030645, -2.198487850417767, 0.08068322083640855, -0.5025246675253346, 0.739982307003524];-1001.8875235991673
7421;p1 ^ (p2 - abs(x) ^ p3) - x;-1002.0572884848282;[1.3901083781647179e-5, 0.910750395396945, 0.07225605289484723, 0.08060908287264575, -0.5025295166347075, 0.7399856535558762];-1002.0572884848282
44735;1.0 / (p1 + abs(p2 + abs(x) ^ p3) ^ p4);-1002.3409364613959;[0.018006544923177555, -0.2760156709678234, -0.2971832094207702, 1.7515977075079971, -0.0805857551180957, -0.5025184341869173, 0.7399037066655398];-1002.3409364613959
