evals;expr;nll;coeff;best_nll
1;p1 * p2 ^ (abs(1.0 / x) ^ (abs(x) ^ x));1831.3707487518539;[1.5340026088000869, -0.9056902661097775, -0.3540903619721954, -0.5037727344872601, -0.739629702791065];1831.3707487518539
2;p1 * x + -1.0 / (p2 - abs(x) ^ x);-681.4453902811761;[1.5378521558245972, -4.415417960593978, 0.10439074895135503, -0.5028162314944484, -0.7310350232234255];-681.4453902811761
7;p1 + x * (-1.0 - abs(1.0 / x) ^ x);-791.2223464615593;[-0.13199802675203542, 0.09694449676776369, -0.5065218525946217, 0.7392985840632099];-791.2223464615593
44;x * (p1 + abs(p2 + -1.0 / x) ^ p3);-999.7850348256826;[0.7014353659829812, -0.028601298017458615, 0.49942948028029444, 0.08078505261383673, -0.5024026137340276, 0.7398453244893206];-999.7850348256826
476;p1 * abs(p2 + abs(x) ^ p3) ^ p4;-1001.7488406184439;[-0.3049484087447874, -0.40020573964684536, -0.12426706572990869, -3.3793726072695978, 0.0806271908020204, -0.5025088082345562, 0.7399782850515659];-1001.7488406184439
3432;p1 + abs(1.0 / (p2 + abs(x) ^ p3)) ^ p4;-1001.8875235998257;[0.01621132976705179, -0.21541800203517614, -0.25174708875006196, 2.198491544670485, 0.08068316688217271, -0.5025254523280285, -0.739982078595229];-1001.8875235998257
4712;p1 ^ (p2 - abs(x) ^ p3) - x;-1002.0572884848282;[1.3901083781647179e-5, 0.910750395396945, 0.07225605289484723, 0.08060908287264575, -0.5025295166347075, 0.7399856535558762];-1002.0572884848282
67246;1.0 / (p1 + abs(p2 + abs(x) ^ p3) ^ p4);-1002.3409364613959;[0.018006544923177555, -0.2760156709678234, -0.2971832094207702, 1.7515977075079971, -0.0805857551180957, -0.5025184341869173, 0.7399037066655398];-1002.3409364613959
