evals;expr;nll;coeff;best_nll
1;p1 + 4.0 * x;1250.637782030273;[0.04035402976422255, -0.2793459805962261, -0.5206938979132073, 0.7235553693894077];1250.637782030273
6;x * (p1 + p2 * abs(1.0 / x) ^ p3);-999.1830435862245;[-0.7287597082529312, -0.9944968585305991, 0.4989885297742912, 0.08078678707615, -0.5024705919871232, -0.740067399436902];-999.1830435862245
97;abs(-1.0 / (p1 - x) + abs(x) ^ p2) ^ p3;-1000.0610130269296;[-3.823449233905832, 0.33086214970459626, 2.9434535123511143, -0.08101399006867117, -0.5026289472775768, 0.7399195485472042];-1000.0610130269296
221;p1 - abs(p2 + abs(x) ^ p3) ^ p4;-1001.8875236009774;[-0.016211387932332975, -0.21541811607735134, -0.25174724282139094, -2.19849052113013, 0.08068324855316593, -0.5025253777675419, -0.7399821682556059];-1001.8875236009774
5787;abs(1.0 / (p1 - abs(p2 + x) ^ p3)) ^ p4;-1001.8909440929008;[0.22203139014632872, 0.0025292244969319726, -0.25187198941274425, 2.1575013080643513, 0.08072396095366591, -0.5025441679771543, 0.7399949425293106];-1001.8909440929008
33205;1.0 / (p1 - abs(p2 + abs(x) ^ p3) ^ p4);-1002.3409364590589;[-0.018006421855819413, -0.27601522405795453, -0.297182755589866, 1.7516007575333878, 0.08058579491405887, -0.5025191136129609, -0.7399036046852624];-1002.3409364590589
66140;1.0 / (p1 + abs(p2 + abs(x) ^ p3) ^ p4);-1002.3409364613959;[0.018006544923177555, -0.2760156709678234, -0.2971832094207702, 1.7515977075079971, -0.0805857551180957, -0.5025184341869173, 0.7399037066655398];-1002.3409364613959
