evals;expr;nll;coeff;best_nll
1;x - abs(abs(p1 ^ x) ^ (1.0 / x)) ^ p2;2129.042420915348;[-0.6275657195199941, 1.5329023673566364, 0.3323337468239914, -0.496819499035368, -0.7514899013021747];2129.042420915348
2;p1 ^ (abs(x) ^ (p2 ^ (1.0 / x)) - x);378.9524515799747;[-0.3043410671745124, -0.36532582774784467, -0.19527894591322703, -0.49066701440694194, 0.7472911408814142];378.9524515799747
9;x + abs(x) ^ (p1 + -1.0 / (p2 + x));-843.564494422171;[0.5254935308191377, -9089.753339532826, 0.08954680848049767, -0.5132597435685853, -0.7304888606215818];-843.564494422171
51;p1 / (p2 - abs(p3 / x) ^ p4);-985.1004049690782;[-2.2291403488480004, 0.11367075588911238, 1.7390085139160683, 0.6139328570164296, 0.08115311515669109, -0.5026317561373065, -0.7409751694749742];-985.1004049690782
185;x + abs(1.0 / x + p1 ^ x) ^ p2;-1000.8745599075539;[1.0382285975584893, -0.5155627694367476, -0.08063910009892288, -0.5023839155656117, 0.7400408105940047];-1000.8745599075539
903;p1 * abs(x) ^ (1.0 / (p2 - abs(x) ^ p3));-1001.359541005913;[-1.7178179703666818, 2.417022550713031, 0.059509848835837716, -0.08070250048965497, -0.5024816819829577, 0.739927934565506];-1001.359541005913
1076;abs(p1 + 1.0 / (p2 - abs(x) ^ p3)) ^ p4;-1001.815259562733;[-0.06268401492446514, 0.18084649996508786, -0.2774825530334885, 2.171728765574258, 0.0806585188275178, -0.502515878455965, -0.7399804939413541];-1001.815259562733
1536;x - p1 ^ (p2 - abs(x) ^ p3);-1002.0572882599361;[1.390072488525905e-5, 0.910750425326041, 0.0722560377706656, -0.0806089027396649, -0.5025293716125293, 0.7399860482600139];-1002.0572882599361
20271;1.0 / (p1 + abs(p2 + abs(x) ^ p3) ^ p4);-1002.3409364613959;[0.018006544923177555, -0.2760156709678234, -0.2971832094207702, 1.7515977075079971, -0.0805857551180957, -0.5025184341869173, 0.7399037066655398];-1002.3409364613959
