n;expr;nll;coeff;sum_fevals;sum_restarts;sum_runtime;best_nll
1;p1 / (x * (p2 + abs(1.0 / x) ^ p3));-947.6292298736919;[1.7735247316277127, -0.0017159999712449063, 1.6525246358295307, 0.08310289422839341, -0.5028011458871758, 0.7422659470063566];52757;333;109.898802052;-947.6292298736919
10;p1 * (abs(1.0 / x) ^ p2 / x) - x;-977.743001202785;[-0.7347706888551857, -1.4193573825459858, -0.08219296829788139, -0.5036630891417216, 0.7365680124673336];197352;1525;443.191618732;-977.743001202785
252;x + abs(1.0 / (p1 - p2 ^ x)) ^ p3;-999.967856238185;[0.9995254873865919, -0.48008589129134566, -0.4709662083207635, 0.0806523009785205, -0.5033000415400577, -0.7387124693709836];2737647;26440;8891.975139878008;-999.967856238185
260;p1 + (x - p2 ^ (abs(1.0 / x) ^ p3));-1000.7434398557295;[1.019545902212923, -0.29984405828779676, -0.5866215894689513, 0.08065075760824404, -0.5031064012720621, 0.7389823768122686];2896564;27472;9319.85056674501;-1000.7434398557295
417;p1 ^ (p2 - abs(x) ^ p3) - x;-1002.0572884848282;[1.3901083781647179e-5, 0.910750395396945, 0.07225605289484723, 0.08060908287264575, -0.5025295166347075, 0.7399856535558762];4841499;47724;15743.711785822015;-1002.0572884848282
43013;1.0 / (p1 + abs(p2 + abs(x) ^ p3) ^ p4);-1002.3409364613959;[0.018006544923177555, -0.2760156709678234, -0.2971832094207702, 1.7515977075079971, -0.0805857551180957, -0.5025184341869173, 0.7399037066655398];486015911;4776261;1630615.0130056606;-1002.3409364613959
