n;expr;nll;coeff;sum_fevals;sum_restarts;sum_runtime;best_nll
1;p1 * abs(1.0 / (p2 + x)) ^ (abs(x) ^ p3);-54.27325326796459;[-12.250165538388238, -7.930177377531719, -0.2101920347336559, -0.13854459542396735, -0.5078410776613292, 0.7333975250457061];8503;34;20.605032735;-54.27325326796459
4;1.0 / (p1 + -1.0 / (p2 + p3 / x));-772.4503294807719;[6.124552697214262, 0.16440710780142967, 0.014488263090646799, -0.09838196825711984, -0.5029634617950599, -0.7354489866774765];81110;699;159.427807457;-772.4503294807719
14;x * p1 ^ (1.0 / (x + abs(x) ^ p2));-999.2155409290835;[-2.8281601807021137, 0.18010623083190883, 0.08073433122650849, -0.5024281290132023, 0.739924228942088];144055;1225;388.79694614900006;-999.2155409290835
682;x * abs(x / (p1 + x)) ^ p2;-999.3003974968483;[2.580982307319352, -0.41485453855536936, -0.08061720247085376, -0.5027468677441556, -0.7394537425052563];7530577;76631;25209.878447733976;-999.3003974968483
1313;abs(p1 * x) ^ (1.0 / (p2 - abs(x) ^ p3));-1001.3342155004211;[-2.2067390039396244, 2.4626609303904217, 0.06000199732748616, 0.08070568492983929, -0.5024815958032696, -0.7399272292024743];14847050;149060;49352.74127926484;-1001.3342155004211
1728;abs(p1 + abs(p2 + -1.0 / x) ^ p3) ^ p4;-1001.7610849913451;[-0.26464482142608886, -0.014444436072033537, 0.29298593694737507, -1.778620890266301, -0.08059133297196543, -0.5025216220453902, -0.7399828659317722];19794828;197448;65261.1080582189;-1001.7610849913451
3960;x - p1 ^ (p2 - abs(x) ^ p3);-1002.0572882599361;[1.390072488525905e-5, 0.910750425326041, 0.0722560377706656, -0.0806089027396649, -0.5025293716125293, 0.7399860482600139];45612633;449062;152425.72639665287;-1002.0572882599361
6815;p1 ^ (p2 - abs(x) ^ p3) - x;-1002.0572884848282;[1.3901083781647179e-5, 0.910750395396945, 0.07225605289484723, 0.08060908287264575, -0.5025295166347075, 0.7399856535558762];77297984;765874;259172.8424379757;-1002.0572884848282
8209;1.0 / (p1 + abs(p2 + abs(x) ^ p3) ^ p4);-1002.3409364613959;[0.018006544923177555, -0.2760156709678234, -0.2971832094207702, 1.7515977075079971, -0.0805857551180957, -0.5025184341869173, 0.7399037066655398];91739447;907363;308684.3972808995;-1002.3409364613959
