evals;expr;nll;coeff;best_nll
1;p1 + x / (-Inf + x);1.7976931348623157e308;Float64[];1.7976931348623157e308
2;-1.0 / x + abs(p1 + p2 * x) ^ p3;3695.2418074210473;[-0.006344048945195603, 0.24724013147690826, -0.5694151613505433, 0.6715711004195076, -0.5020560450806779, -0.7342441148182884];3695.2418074210473
4;abs(x) ^ (1.0 / (p1 + p2 * x ^ -2.0));743.2135555228992;[1.9292729644790754, 8.773906177202338e-5, 0.22738282643314361, -0.491125485921463, 0.7497408786057599];743.2135555228992
8;p1 * abs(p2 + 1.0 / (p3 + x)) ^ p4;-990.714900213255;[-1.7287260113120206, -0.017686498438970716, 0.011101685780580779, -0.6889373009468305, -0.08154833133554892, -0.5025255708790021, -0.7406096013003479];-990.714900213255
14;x * p1 ^ (p2 ^ -(abs(x) ^ p3));-998.0672199169459;[76.37532165537289, 8.165116243626688, 0.25882597554184594, 0.08065739722531842, -0.502722569072554, -0.7393068364743027];-998.0672199169459
501;p1 * (x + abs(p2 + -1.0 / x) ^ p3);-1001.7708140482647;[0.948916846559079, -0.5488908409917992, -0.498436699792302, 0.080616374191507, -0.5025399176287826, -0.7399057375782491];-1001.7708140482647
6862;x - p1 ^ (p2 - abs(x) ^ p3);-1002.0572882599361;[1.390072488525905e-5, 0.910750425326041, 0.0722560377706656, -0.0806089027396649, -0.5025293716125293, 0.7399860482600139];-1002.0572882599361
32529;1.0 / (p1 + abs(p2 + abs(x) ^ p3) ^ p4);-1002.3409364613959;[0.018006544923177555, -0.2760156709678234, -0.2971832094207702, 1.7515977075079971, -0.0805857551180957, -0.5025184341869173, 0.7399037066655398];-1002.3409364613959
