evals;expr;nll;coeff;best_nll
1;p1 + abs(1.0 / x) ^ (1.0 / (x + -1.0 / x));2451.829068867775;[-1.5327615351192363, -0.4724798558799622, -0.5038620340551357, 0.7398926998691383];2451.829068867775
2;p1 + -1.0 / (p2 - x / (p3 - x));-772.4503294807618;[-0.7975928060921471, -1.0407234684262925, -0.5017581294768145, -0.09838196090030432, -0.5029634793047241, 0.7354490154373637];-772.4503294807618
11;abs(abs(p1 + x) ^ p2) ^ (abs(x) ^ p3);-845.8207417955181;[0.5209540323560173, 1.4277687729149995, -0.1710889673114567, -0.0918648128515598, -0.5024535776352548, -0.73811635962455];-845.8207417955181
27;abs(abs(p1 + abs(x) ^ p2) ^ p3) ^ p4;-1000.5286158547573;[-0.23177809755830878, -0.25890412438181737, -1.186805144701083, 1.7253047137396997, -0.08059715856619708, -0.5025955617584814, 0.7401157351975515];-1000.5286158547573
527;abs(1.0 / (p1 - abs(p2 / x) ^ p3)) ^ p4;-1001.7470779623774;[0.5966233991939556, 22.998357520459447, 0.1190409816107534, 3.4674813067631645, 0.08063158234401083, -0.5025059976296826, -0.7399738939923767];-1001.7470779623774
1539;p1 + abs(p2 + abs(1.0 / x) ^ p3) ^ p4;-1001.8875235954798;[0.01621163337267292, -0.21541791837220398, 0.2517472101664617, -2.1984916747618604, -0.08068319802189805, -0.5025267418754502, 0.7399819584780549];-1001.8875235954798
16173;1.0 / (p1 + abs(p2 + abs(x) ^ p3) ^ p4);-1002.3409364613959;[0.018006544923177555, -0.2760156709678234, -0.2971832094207702, 1.7515977075079971, -0.0805857551180957, -0.5025184341869173, 0.7399037066655398];-1002.3409364613959
