evals;expr;nll;coeff;best_nll
1;abs(p1 / 0.0 ^ x) ^ x;1.7976931348623157e308;[0.0, 0.0, 0.0, 0.0];1.7976931348623157e308
2;1.0 / (p1 + p2 / x) - p3 ^ x;492.694406273951;[1.7735488462384368, -0.015791042073026444, 1.6824974394020389, 0.14443298563017448, -0.5084126241176649, 0.7171840608475629];492.694406273951
11;abs(p1 + abs(x) ^ (1.0 / (p2 - x))) ^ p3;-978.5929100712369;[-1.9921805922379412, 107.5856528273289, -70.28597324911057, 0.08136294481902495, -0.502894406555757, 0.7403896167330433];-978.5929100712369
93;abs(x) ^ p1 / p2 ^ (abs(x) ^ p3);-1001.6463099507221;[0.5182540206143081, -0.5839100223037127, 0.3338141024735742, -0.08059829564425033, -0.5025213657719206, -0.7399980530394554];-1001.6463099507221
3177;abs(1.0 / (p1 - abs(p2 * x) ^ p3)) ^ p4;-1001.7486423415585;[0.5601150275056952, -0.06488944740986047, -0.12597707237255257, 3.351447730012589, -0.0806262805149126, -0.5025019673083773, -0.7399807539884552];-1001.7486423415585
4551;abs(p1 + abs(p2 + x) ^ p3) ^ p4;-1001.8909440939011;[-0.2220316929504526, 0.002529112330820049, -0.2518720610986618, -2.157499307170878, -0.080723936308259, -0.5025442913374536, 0.7399949589925887];-1001.8909440939011
22396;1.0 / (p1 + abs(p2 + abs(x) ^ p3) ^ p4);-1002.3409364613959;[0.018006544923177555, -0.2760156709678234, -0.2971832094207702, 1.7515977075079971, -0.0805857551180957, -0.5025184341869173, 0.7399037066655398];-1002.3409364613959
