evals;expr;nll;coeff;best_nll
1;abs(x + -1.0 / (p1 - x)) ^ p2 - x;1281.5912911964815;[-1.5837033911138887, 1.621571777947152, 0.28795880030387766, -0.5007023545950726, 0.7358567085029442];1281.5912911964815
3;x / p1 ^ (abs(0.5 / x) ^ p2);-890.5273328258072;[0.4713033587979676, 0.330685197702884, -0.08843020232542902, -0.5052657996346669, -0.7320987240693402];-890.5273328258072
10;x + p1 / (x + abs(x) ^ p2);-944.389294039431;[1.1559045496044953, -0.5723266011924769, 0.08475344608085161, -0.5000269758738644, 0.7444307768110225];-944.389294039431
42;abs(x / (p1 + abs(1.0 / x) ^ p2)) ^ p3;-988.048227571841;[-1.370416943955591, -0.07866368516287167, 0.5579681839131005, 0.08104748263014723, -0.5026040000370358, -0.7411944742282413];-988.048227571841
151;abs(p1 ^ -(abs(x) ^ p2) / x) ^ p3;-1001.6463099507303;[-2.8238950189643663, 0.3338140969418128, -0.5182540252413661, -0.08059830170675733, -0.5025213616086157, 0.739998011367249];-1001.6463099507303
3543;x - abs(1.0 / (p1 - abs(x) ^ p2)) ^ p3;-1001.7919287987384;[1.9549419811864943, 0.035562773622750746, 21.63519459957533, -0.08058921374608083, -0.5025618695925437, -0.7399896197546624];-1001.7919287987384
4465;1.0 / (p1 - abs(p2 + abs(x) ^ p3) ^ p4);-1002.3409364590589;[-0.018006421855819413, -0.27601522405795453, -0.297182755589866, 1.7516007575333878, 0.08058579491405887, -0.5025191136129609, -0.7399036046852624];-1002.3409364590589
37759;1.0 / (p1 + abs(p2 + abs(x) ^ p3) ^ p4);-1002.3409364613959;[0.018006544923177555, -0.2760156709678234, -0.2971832094207702, 1.7515977075079971, -0.0805857551180957, -0.5025184341869173, 0.7399037066655398];-1002.3409364613959
