n;expr;nll;coeff;sum_fevals;sum_restarts;sum_runtime;best_mse
1;p1 + (p2 / (p3 + -1.0 / x) - x);-142.17959063382625;[0.7605697668886688, -3.5239446812013417, -0.620364082617986, 0.163376187344795];19463;216;5.770765894;0.026691778177509787
52;p1 + p2 ^ (p3 ^ (p4 + x));-189.47213701573733;[0.8587157747296945, 0.8662148517761595, -4.136097345237942e-5, -0.5069249266571889, 0.14336770500069942];157307;1559;94.78774875200001;0.020554313013388614
106;abs(p1 ^ (p2 + abs(x) ^ -x)) ^ x;-346.80348200281696;[1.767824831648784, 0.26039822882674335, -0.09283243219096303];275485;2976;171.04871896100002;0.008617860462950475
1742;p1 + p2 / (x + -1.0 / (p3 - x));-357.88377127232826;[0.8297422990261014, 2.5176936798953364, 0.0985640616421357, 0.09003401302232808];46539081;47851;31732.509120611958;0.00810612363138225
2380;p1 + -1.0 / (p2 / (p3 - x) - x);-422.3668214626465;[1.3628838349711832, 0.36645555079360326, 0.33053386474095353, -0.07534349152641123];61670353;64301;42879.01162708901;0.005676641848995088
4437;p1 / (1.0 / (p2 + x) - p3 ^ x);-556.9439756680217;[0.3008681136542706, 0.6733527565497107, -0.45284796737000566, -0.05195082241417289];162358049;115683;112348.06704863287;0.0026988874840232616
