n;expr;nll;coeff;sum_fevals;sum_restarts;sum_runtime;best_mse
1;x * (p1 * x - x / (p2 + x));571.5365070053864;[0.3310420998926928, 1.2375781136137506e10, 1.1733836509392528];11141;57;3.116429474;1.376829187844585
4;p1 + (x - abs(p2 ^ -x) ^ x);142.25656094027406;[1.800694179358149, -0.8780339871657652, -0.3584505406898958];30864;265;17.180457892;0.12848678200164546
9;p1 + p2 / (p3 + 1.0 / (p4 - x));-84.78675744128219;[1.341169668153603, -2.2204073290705875, -3.722708799353004, 0.17068864596960884, 0.19144473430249248];109134;799;49.926872027;0.036651086044562985
30;p1 / (x + p2 ^ -(p3 ^ x));-229.59746571589216;[5.89091514166777, 0.1271345363263349, -0.3058653838614683, -0.12832544703158494];156986;1377;80.266667054;0.016467420256149525
132;abs(1.0 / (p1 - p2 ^ x)) ^ (p3 ^ x);-372.56368135476964;[-0.3900117251905918, 0.024945909121774162, 0.7981035348328106, 0.08645597386550742];389935;4266;230.3968167129999;0.007474635117195157
246;p1 + x / abs(x) ^ (abs(x) ^ (1.0 / x));-374.24120500187905;[1.0398520679599739, 0.08605625823876724];720951;6893;452.1553503659999;0.007405679589249061
11036;x * p1 ^ (p2 ^ x - x);-375.45849117932147;[-6.2484723957615715, -1.3910443557897874, -0.08576736548075456];156954182;292556;105470.19022922235;0.007356040996169245
11691;p1 / (1.0 / (p2 - x) + p3 ^ x);-556.9439756670192;[-0.30086811261486995, -0.6733527125693481, 0.4528479731674669, 0.05195084686912565];163278387;308678;109253.08694655538;0.002698887484036575
45115;p1 / (1.0 / (p2 + x) - p3 ^ x);-556.9439756680217;[0.3008681136542706, 0.6733527565497107, -0.45284796737000566, -0.05195082241417289];688983022;1189265;439768.5833723099;0.0026988874840232616
