n;expr;nll;coeff;sum_fevals;sum_restarts;sum_runtime;best_mse
1;abs(x + abs(1.0 / x) ^ (p1 ^ x)) ^ p2;1.7976931348623157e308;[0.0, 0.0, 0.0];329;0;0.356063657;4.966003134978773e305
2;1.0 / (x + abs(x / abs(x) ^ x) ^ p1);1.7976931348623157e308;[0.0, 0.0];570;0;1.539630817;496600313497877300000000000000000000000000000000000000000000000000000000000000000000000000000000000000000000000000000000000000000000000000000000000000000000000000000000000000000000000000000000000000000000000000000000000000000000000000000000000000000000000000000000000000000000000000000000000000000000000000
5;abs(p1 ^ (p2 ^ (abs(x) ^ (1.0 / x)))) ^ x;108.06221943081238;[-5.958633414223159, 0.2619139274738064, -0.32614143899239306];6592;55;7.93560935;0.10636823843335609
26;(p1 + x) / (p2 + -1.0 / x);-201.0794923138767;[-9.317720190481923, -3.4030287541410273, -0.13884365919387098];49219;625;32.470178996;0.019277560731867066
100;p1 * x - x / (p2 + p3 * x);-234.48143274179824;[-0.37828428774742046, -0.09404400923859461, -0.3357153140852702, 0.12660575732460494];4378196;3262;2370.4250446219994;0.01602901721742015
688;p1 + (x - abs(1.0 / (p2 - x)) ^ p3);-319.53916266546224;[1.2582928450584956, 0.6514535072485991, -1.1299416607965314, 0.1000942127051887];14439886;19934;7703.185902803001;0.010018851278916666
900;abs(1.0 / (p1 * x - p2 ^ x)) ^ p3;-357.54498885643824;[-0.032997232598408345, -0.005440062433046102, 0.21858164472684438, 0.09011830851469542];24183980;25873;12887.950459323001;0.008121310282376698
1607;p1 - abs(p2 + -1.0 / (p3 - x)) ^ p4;-497.9339307018077;[2.2620522444862323, -0.7727829049519775, -0.30087985076787527, 0.6768993521895839, -0.06114869612207228];39133683;42546;21142.821092098;0.0037391637606721626
22699;p1 / (1.0 / (p2 + x) - p3 ^ x);-556.9439756680217;[0.3008681136542706, 0.6733527565497107, -0.45284796737000566, -0.05195082241417289];429361573;603886;276161.9202420299;0.0026988874840232616
