evals;expr;nll;coeff;mse;best_mse
1;17652;abs(1.0 / (p1 ^ (abs(x) ^ x) - x)) ^ x;571.2433335014399;1.374600883373632;1.374600883373632
2;4652;abs(abs(p1 ^ (p2 - x)) ^ x) ^ p3;9.416946534738079;0.061676656073141684;0.061676656073141684
21;2645;p1 + x / (p2 + p3 * x);-84.786757441282;0.036651086044562985;0.036651086044562985
31;23;x * (p1 + p2 ^ (p3 + x));-390.07416324868746;0.00678539365782473;0.00678539365782473
3486;19;abs(1.0 / (p1 + p2 / abs(x) ^ x)) ^ x;-405.41201001996103;0.0062340912924479614;0.0062340912924479614
6683;4;p1 - abs(p2 + -1.0 / (p3 + x)) ^ p4;-497.93393070182753;0.0037391637606718135;0.0037391637606718135
9046;3;1.0 / (p1 + abs(p2 + p3 ^ x) ^ p4);-547.044965684411;0.002850602307838145;0.002850602307838145
55090;1;p1 / (1.0 / (p2 + x) - p3 ^ x);-556.9439756680217;0.0026988874840232616;0.0026988874840232616
