evals;expr;nll;coeff;mse;best_mse
1;78866;abs(p1 / (p2 + 1.0 / x)) ^ x - x;1.7976931348623157e308;1.7976931348623157e308;1.7976931348623157e308
2;11728;abs(p1 + abs(x) ^ (1.0 / x)) ^ (abs(x) ^ x);356.76259090157305;0.42028885415510725;0.42028885415510725
17;5279;abs(p1 / abs(p2 ^ -x) ^ x) ^ p3;12.189668194595797;0.06262874874822484;0.06262874874822484
30;1299;1.0 / (p1 + abs(p2 * p3 ^ x) ^ p4);-180.37359222737857;0.0216139513315431;0.0216139513315431
35;84;p1 ^ (x * (p2 - abs(1.0 / x) ^ x));-346.80348200281674;0.008617860462950483;0.008617860462950483
966;42;p1 ^ (1.0 / (p2 / (p3 - x) - x));-372.9969818691529;0.007456762798665855;0.007456762798665855
7254;13;p1 ^ (1.0 / (p2 + x) - p3 ^ x);-408.6005185544225;0.006125232753423839;0.006125232753423839
12176;3;1.0 / (p1 + abs(p2 + p3 ^ x) ^ p4);-547.044965684411;0.002850602307838145;0.002850602307838145
54421;1;p1 / (1.0 / (p2 + x) - p3 ^ x);-556.9439756680217;0.0026988874840232616;0.0026988874840232616
