evals;expr;nll;coeff;mse;best_mse
1;75775;x * abs(x) ^ (-1.0 + -1.0 / x);1.7976931348623157e308;1.7976931348623157e308;1.7976931348623157e308
2;69945;p1 * abs(1.0 / x) ^ (abs(1.0 / x) ^ x);1.7976931348623157e308;1.7976931348623157e308;179769313486231570000000000000000000000000000000000000000000000000000000000000000000000000000000000000000000000000000000000000000000000000000000000000000000000000000000000000000000000000000000000000000000000000000000000000000000000000000000000000000000000000000000000000000000000000000000000000000000000000000
4;8925;p1 * abs(abs(x) ^ -x) ^ p2 - x;221.14924407244;0.19868034223268183;0.19868034223268183
7;8773;p1 * abs(abs(x) ^ x) ^ (abs(x) ^ -x);207.5331854568622;0.18428258537846534;0.18428258537846534
16;5941;p1 ^ -(p2 ^ -x);12.468006474704211;0.06272513210934938;0.06272513210934938
17;159;p1 + abs(p2 + x) ^ (abs(1.0 / x) ^ x);-298.8446492368736;0.011232403542832371;0.011232403542832371
214;56;abs(1.0 / (p1 * x - p2 ^ x)) ^ p3;-357.54498885643824;0.008121310282376698;0.008121310282376698
6182;25;p1 * (x * (p2 - p3 ^ x));-390.0741632486874;0.00678539365782473;0.00678539365782473
10567;1;p1 / (1.0 / (p2 + x) - p3 ^ x);-556.9439756680217;0.0026988874840232616;0.0026988874840232616
