n;expr;nll;coeff;sum_fevals;sum_restarts;sum_runtime;best_mse
1;1.0 / (p1 ^ (abs(x) ^ x) + abs(x) ^ x);616.9852237787861;[1.7487539771483922e-11, 1.3303476660387483];6714;45;4.569655424;1.7698256664206267
14;p1 * abs(p2 ^ (p3 ^ -x)) ^ p4;-169.98429568972892;[1.8598333564911054, -241.34826865949373, 316.8927566862812, -0.3144013701705643, 0.15129731320345122];37875;221;33.446566743999995;0.022890876602815018
32;abs(1.0 / (p1 + p2 / abs(x) ^ x)) ^ x;-405.41201001996103;[0.8442717846876786, -0.36086485279586694, 0.07895626144348984];117337;924;89.61444121800001;0.0062340912924479614
6154;abs(p1 / (p2 - abs(x) ^ -x)) ^ x;-405.41201001996126;[-2.7711205161897516, 2.339578865751049, -0.07895626187735906];79823108;161081;46013.652786285944;0.006234091292447958
10531;p1 + 1.0 / (x + p2 / (p3 + x));-422.3668214626467;[1.362883835560016, 0.3664555492234203, -0.33053386275018265, -0.07534349244908463];123866665;270822;74771.28581737186;0.005676641848995082
15073;p1 - abs(p2 + -1.0 / (p3 - x)) ^ p4;-497.9339307018077;[2.2620522444862323, -0.7727829049519775, -0.30087985076787527, 0.6768993521895839, -0.06114869612207228];226042574;382875;142341.82102232004;0.0037391637606721626
31284;p1 - abs(p2 + -1.0 / (p3 + x)) ^ p4;-497.93393070182753;[2.2620522470343785, 0.7727828926039556, 0.3008798424323267, 0.6768993471343056, -0.061148703359623045];560886479;813825;364477.38157334813;0.0037391637606718135
34774;p1 / (1.0 / (p2 - x) + p3 ^ x);-556.9439756670192;[-0.30086811261486995, -0.6733527125693481, 0.4528479731674669, 0.05195084686912565];600265514;904766;388773.23975159763;0.002698887484036575
60522;p1 / (1.0 / (p2 + x) - p3 ^ x);-556.9439756680217;[0.3008681136542706, 0.6733527565497107, -0.45284796737000566, -0.05195082241417289];1028609732;1579371;663350.1138682229;0.0026988874840232616
