n;expr;nll;coeff;sum_fevals;sum_restarts;sum_runtime;best_mse
1;abs(1.0 / x) ^ (x + abs(x) ^ (abs(x) ^ p1));1.7976931348623157e308;[0.0, 0.0];251;0;0.295173429;4.966003134978773e305
2;p1 ^ (abs(3.0 * x) ^ (1.0 / x));-439.24189731780075;[-1.27132627575855, 0.07191186883315245];2761;35;1.977173655;0.005171316875250844
28388;p1 - abs(p2 + -1.0 / (p3 - x)) ^ p4;-497.9339307018077;[2.2620522444862323, -0.7727829049519775, -0.30087985076787527, 0.6768993521895839, -0.06114869612207228];429444764;721220;273738.48892950773;0.0037391637606721626
29570;p1 / (1.0 / (p2 - x) + p3 ^ x);-556.9439756670192;[-0.30086811261486995, -0.6733527125693481, 0.4528479731674669, 0.05195084686912565];447019688;752667;286364.98703686113;0.002698887484036575
70622;p1 / (1.0 / (p2 + x) - p3 ^ x);-556.9439756680217;[0.3008681136542706, 0.6733527565497107, -0.45284796737000566, -0.05195082241417289];1043461357;1852639;663530.2038548826;0.0026988874840232616
