n;expr;nll;coeff;sum_fevals;sum_restarts;sum_runtime;best_mse
1;p1 + -1.0 / (x - p2 ^ x);37.692616056633305;[0.43933114294915143, -1.6417751658082076, 0.2685239155394992];18615;173;9.745086181;0.07210509318003099
4;1.0 / (p1 + abs(abs(p2 ^ x) ^ x) ^ p3);-192.67425949216474;[0.5378904213310803, 0.01066376428838432, 2.774479909773328, -0.14210516775037677];33027;349;23.711319226999997;0.020193878491769054
83;p1 ^ (-1.0 / (p2 + (x + 1.0 / x)));-264.308308347288;[-0.24907155454973742, -0.0852797587939696, -0.11659230603694327];790812;2172;531.945847329;0.013593765762097613
403;p1 ^ (x * (p2 - p3 ^ x));-267.2728232790716;[0.1650329595939676, -0.06052319700136328, -0.32258532004443347, -0.11564139851679135];3705975;11361;2834.1896077279985;0.013372933180281267
429;x * (p1 + p2 / p3 ^ x);-390.07416324868734;[0.44900541611573325, 5.7999241537227455, 3.6308936310084596, -0.08237350159414861];4009905;11907;3001.989233022999;0.0067853936578247285
8994;p1 + -1.0 / (p2 / (p3 - x) - x);-422.3668214626465;[1.3628838349711832, 0.36645555079360326, 0.33053386474095353, -0.07534349152641123];166515292;241740;106386.13846808519;0.005676641848995088
11493;1.0 / (p1 + abs(p2 + p3 ^ x) ^ p4);-547.044965684411;[0.455524443322374, -0.19111053641766093, -0.17685213286850085, 1.2164067923256552, 0.05339102833633362];224096157;309493;146093.59135574722;0.002850602307838145
34025;p1 / (1.0 / (p2 + x) - p3 ^ x);-556.9439756680217;[0.3008681136542706, 0.6733527565497107, -0.45284796737000566, -0.05195082241417289];625249029;914299;399719.97100258;0.0026988874840232616
