evals;expr;nll;coeff;mse;best_mse
1;59896;1.0 / x - p1 ^ (x - p2 ^ x);1.7976931348623157e308;1.7976931348623157e308;1.7976931348623157e308
2;22750;abs(abs(p1 ^ x) ^ -x) ^ x - x;758.820653860953;3.8748316196292913;3.8748316196292913
6;20731;p1 * (p2 ^ (x * x) - x);681.8726515507929;2.5329259190813387;2.5329259190813387
10;13129;1.0 / (p1 + (x + abs(abs(x) ^ x) ^ p2));400.902767538914;0.5363626950419266;0.5363626950419266
15;491;p1 / abs(p2 + p3 ^ -x) ^ x;-224.0295836767756;0.016981859366977763;0.016981859366977763
96;161;p1 + -1.0 / (p2 / p3 ^ x - x);-298.40160919124634;0.011259931167033683;0.011259931167033683
382;25;p1 * (x * (p2 - p3 ^ x));-390.0741632486874;0.00678539365782473;0.00678539365782473
2319;6;p1 - abs(p2 + -1.0 / (p3 - x)) ^ p4;-497.9339307018077;0.0037391637606721626;0.0037391637606721626
7349;1;p1 / (1.0 / (p2 + x) - p3 ^ x);-556.9439756680217;0.0026988874840232616;0.0026988874840232616
