n;expr;nll;coeff;sum_fevals;sum_restarts;sum_runtime;best_mse
1;p1 * abs(x) ^ (abs(x + 1.0 / x) ^ p2);1.7976931348623157e308;[0.0, 0.0, 0.0];445;0;0.482546762;4.966003134978773e305
2;p1 ^ (x / p2 ^ (abs(1.0 / x) ^ p3));1.7976931348623157e308;[0.0, 0.0, 0.0, 0.0];951;0;1.069355132;496600313497877300000000000000000000000000000000000000000000000000000000000000000000000000000000000000000000000000000000000000000000000000000000000000000000000000000000000000000000000000000000000000000000000000000000000000000000000000000000000000000000000000000000000000000000000000000000000000000000000000
3;p1 / (1.0 / x + 1.0 / (p2 + 1.0 / x));-222.65398709258886;[3.9186385452340198, 0.11233153703133326, 0.1308105992252234];24704;104;10.801142789;0.017111412856142965
244;p1 / (1.0 / x + p2 ^ (p3 + x));-256.21932820793086;[8.966213248406747, -1.2274166832019355, 5.179665862209403, 0.11922691800772912];1585069;6302;998.3352195449999;0.014215057438715564
624;abs(p1 + x) ^ (p2 - p3 ^ -x);-331.687414305428;[-5.938049559165102, 0.44517261516285916, 65.79925971373521, -0.09679091256115689];4520899;17040;2936.612966834999;0.009368481598692404
1160;abs(p1 + p2 ^ (abs(x) ^ -x)) ^ x;-361.34123388775527;[0.16312638419094516, -1.8933578085619986, 0.08917819256232867];11658721;31604;6623.577099553001;0.007952749965989532
2598;1.0 / (p1 + abs(p2 + p3 ^ x) ^ p4);-547.044965684411;[0.455524443322374, -0.19111053641766093, -0.17685213286850085, 1.2164067923256552, 0.05339102833633362];40057815;74257;24996.690037235;0.002850602307838145
36756;p1 / (1.0 / (p2 - x) + p3 ^ x);-556.9439756670192;[-0.30086811261486995, -0.6733527125693481, 0.4528479731674669, 0.05195084686912565];539199292;962716;339960.6582498433;0.002698887484036575
75499;p1 / (1.0 / (p2 + x) - p3 ^ x);-556.9439756680217;[0.3008681136542706, 0.6733527565497107, -0.45284796737000566, -0.05195082241417289];1196052101;1978640;762894.2809280371;0.0026988874840232616
