evals;expr;nll;coeff;mse;best_mse
1;2637;p1 + p2 / (p3 + -1.0 / x);-84.78675744128208;0.036651086044562985;0.036651086044562985
23;2381;abs(p1 + x * abs(1.0 / x) ^ x) ^ p2;-98.11199037323154;0.03404976017707602;0.03404976017707602
30;598;p1 * abs(p2 ^ x) ^ (p3 ^ -x);-205.47305331219945;0.018815254406972647;0.018815254406972647
49;146;p1 ^ (abs(x + 1.0 / (p2 + x)) ^ p3);-310.20261761612664;0.010549216250170752;0.010549216250170752
682;110;x * (p1 + p2 ^ (p3 ^ x));-330.23922072679045;0.009443740143968024;0.009443740143968024
827;36;x * p1 ^ (x - p2 ^ -x);-375.4584911793214;0.007356040996169246;0.007356040996169246
5269;4;p1 - abs(p2 + -1.0 / (p3 + x)) ^ p4;-497.93393070182753;0.0037391637606718135;0.0037391637606718135
6982;1;p1 / (1.0 / (p2 + x) - p3 ^ x);-556.9439756680217;0.0026988874840232616;0.0026988874840232616
