evals;expr;nll;coeff;mse;best_mse
1;49409;abs(p1 + -1.0 / x) ^ p2 / x;1.7976931348623157e308;1.7976931348623157e308;1.7976931348623157e308
2;22330;0.0 / (x + -1.0 / x);729.5285783859556;3.295861325966851;3.295861325966851
6;3608;p1 - x * p2 ^ (p3 ^ x);-32.0184730246297;0.049056885029018865;0.049056885029018865
8;275;p1 ^ (x * p2 ^ (abs(1.0 / x) ^ x));-265.1941888783491;0.013527395428625345;0.013527395428625345
35;123;p1 + p2 / (p3 * x + 1.0 / x);-324.7384300872436;0.009735151604952606;0.009735151604952606
338;40;p1 + x / abs(x) ^ (abs(x) ^ (1.0 / x));-374.24120500187905;0.007405679589249061;0.007405679589249061
4245;1;p1 / (1.0 / (p2 + x) - p3 ^ x);-556.9439756680217;0.0026988874840232616;0.0026988874840232616
