n;expr;nll;coeff;sum_fevals;sum_restarts;sum_runtime;best_mse
1;abs(x) ^ (abs(1.0 / x) ^ (x - x * x));1.7976931348623157e308;[0.0];0;0;0;4.966003134978773e305
2;1.0 / (x - abs(x * x) ^ p1) - x;1.7976931348623157e308;[0.0, 0.0];246;0;0.174560688;496600313497877300000000000000000000000000000000000000000000000000000000000000000000000000000000000000000000000000000000000000000000000000000000000000000000000000000000000000000000000000000000000000000000000000000000000000000000000000000000000000000000000000000000000000000000000000000000000000000000000000
3;1.0 / (p1 - abs(abs(p2 ^ x) ^ x) ^ x);10.319401178544885;[1.547143783003273, 0.99872042657285, 0.24896774989331164];19381;209;16.883758054;0.061984939913936665
36;p1 ^ (p2 ^ (p3 + p4 ^ -x));-155.27384802185296;[1.1030898744761117, 0.010971913078067528, -0.4100246903850138, -308.06650763233876, -0.15757220662974528];110434;731;91.09456922199999;0.02482898252638775
150;p1 ^ (abs(p2 ^ -(p3 ^ x)) ^ x);-181.16219716516773;[-1.2241490855960186, 0.056261758377201126, -0.4320986235921377, 0.14669692031845388];293143;2682;223.27261950000002;0.02151998563577159
214;p1 - abs(p2 + -1.0 / (p3 + x)) ^ p4;-497.93393070182753;[2.2620522470343785, 0.7727828926039556, 0.3008798424323267, 0.6768993471343056, -0.061148703359623045];466966;4451;316.44290101300004;0.0037391637606718135
20183;p1 / (1.0 / (p2 - x) + p3 ^ x);-556.9439756670192;[-0.30086811261486995, -0.6733527125693481, 0.4528479731674669, 0.05195084686912565];281294770;525279;184308.31503199312;0.002698887484036575
46348;p1 / (1.0 / (p2 + x) - p3 ^ x);-556.9439756680217;[0.3008681136542706, 0.6733527565497107, -0.45284796737000566, -0.05195082241417289];694199540;1212202;446985.835866676;0.0026988874840232616
