evals;expr;nll;coeff;mse;best_mse
1;24971;p1 - (x + abs(x + -1.0 / x) ^ x);1257.6186868234358;60.964543813528095;60.964543813528095
4;5640;p1 * p2 ^ (-2.0 * x);12.347580629375479;0.06268341269094635;0.06268341269094635
11;1987;p1 / (x + p2 * p3 ^ x);-133.95995985798388;0.027931858225990955;0.027931858225990955
58;630;p1 ^ -(x * p2 ^ (x + x));-205.1938787929413;0.018844297460021368;0.018844297460021368
63;158;p1 + abs(p2 + x) ^ (abs(x) ^ -x);-298.84464923687364;0.01123240354283237;0.01123240354283237
525;19;abs(1.0 / (p1 + p2 / abs(x) ^ x)) ^ x;-405.41201001996103;0.0062340912924479614;0.0062340912924479614
3602;11;p1 + -1.0 / (p2 / (p3 - x) - x);-422.3668214626465;0.005676641848995088;0.005676641848995088
10550;6;p1 - abs(p2 + -1.0 / (p3 - x)) ^ p4;-497.9339307018077;0.0037391637606721626;0.0037391637606721626
42107;1;p1 / (1.0 / (p2 + x) - p3 ^ x);-556.9439756680217;0.0026988874840232616;0.0026988874840232616
