evals;expr;nll;coeff;best_nll
1;p1 - p2 ^ (abs(abs(p3 * x) ^ -x) ^ p4);91.60387209188872;[17.243734511670898, -17.215171353549465, -0.6603956106749584, 0.036454650398289205, -0.1227236761810486, -0.5114006952028091, -0.7388436380895766];91.60387209188872
2;x + p1 ^ (p2 ^ (1.0 / (p3 - p4 ^ x)));-994.8897470050122;[-0.7753224428870413, 0.9685458886167044, 0.9854788948120676, -1.0568564453978522, 0.08195243818596142, -0.5022715599980849, 0.7404335715164211];-994.8897470050122
124;abs(1.0 / (abs(x) ^ p1 + abs(x + x) ^ p2)) ^ p3;-999.8091784760453;[2.4751153866462765, 1.4822693450248927, -0.3984771611523285, 0.08061126083250376, -0.5026070605939523, 0.7400480415759109];-999.8091784760453
518;abs(p1 / abs(p2 / x) ^ (p3 ^ -x)) ^ p4;-1000.0859819411395;[-1045.547915636763, -514.9303748975624, 1.0295758933531738, 0.5955598292368799, 0.0806143186142494, -0.50260441207669, -0.7400038718112372];-1000.0859819411395
540;x / (p1 + 1.0 / (x - p2 ^ (abs(x) ^ p3)));-1002.5316043674924;[0.9749824108778531, -3.5155114840949095, 0.49236787588355985, 0.08083097617482467, -0.5025005420514228, 0.740138783655975];-1002.5316043674924
635;p1 * x + x / (p2 - abs(p3 + x) ^ p4);-1008.3842083000757;[-0.7933796617075138, -0.0870276710237603, -0.011283309411211419, 0.5958126991364262, 0.08009435730131546, -0.5025949953227142, -0.7402724571023466];-1008.3842083000757
27363;1.0 / (p1 ^ (abs(p2 + x) ^ p3) - abs(x) ^ p4);-1011.7646849614036;[0.4071110905561187, -0.017525486114932452, 0.22156731497379784, -0.5016951493294719, 0.07955245685092333, -0.5020357283705413, 0.7395350424413347];-1011.7646849614036
144937;p1 * abs(x) ^ (-1.0 / (p2 + abs(p3 + x) ^ p4));-1013.2384638792784;[-1.7302245173940842, -2.40586258570395, -0.017892186956077034, 0.051284150873232376, 0.07915900803213895, -0.5024228473024372, -0.7397713386530679];-1013.2384638792784
