n;expr;nll;coeff;sum_fevals;sum_restarts;sum_runtime;best_nll
1;1.0 / (x + -1.0 / (1.0 + x * (-2.0 * x)));3915.3013241029976;[-0.7976642135943943, -0.5053379114730987, -0.7353413392380854];2191;60;12.359213543;3915.3013241029976
2;p1 * x - abs(x) ^ (p2 - abs(x) ^ p3);-999.2282930697414;[-0.7246360183623224, 1.498996065340186, 0.0012299447947427045, 0.08074702484929153, -0.5025134732954248, 0.7401833477170847];26616;272;68.491410596;-999.2282930697414
4;p1 + (-1.0 / (p2 + p3 * x) + abs(x) ^ p4);-999.8598139248485;[0.8708658368453097, 1.2751929026536144, 4.3604680902976725, 0.9979754385259677, 0.08129160331653022, -0.502612961485176, -0.7399852455826342];152691;998;314.50203427099996;-999.8598139248485
17;x + abs(p1 ^ (p2 - x) / x) ^ p3;-1002.4878294959595;[-0.648042509062121, -0.5309839440952768, -0.48443243377550255, -0.08065543942095765, -0.5023860419076107, 0.7403440147743044];311489;2767;887.9048963399998;-1002.4878294959595
3336;p1 / (p2 + 1.0 / (p3 - abs(p4 + x) ^ p5));-1005.7316891904325;[1.575798546920753, 0.04033983380484181, -0.060650885923358606, -0.011111254971410281, 0.7043171460670227, 0.07999370995827616, -0.502441656182214, -0.7399477761380808];44675288;376042;218506.10706375493;-1005.7316891904325
8086;p1 + (abs(p2 + 1.0 / (p3 - x)) ^ x - x);-1010.8428845212311;[-1.0252477394066963, 0.7752600870955322, -1.2719701383668482, -0.07914728444549352, -0.5026456107308842, -0.7394437592254887];106284737;885068;516856.9410763247;-1010.8428845212311
198721;1.0 / (p1 ^ (abs(p2 + x) ^ p3) - abs(x) ^ p4);-1011.7646849614036;[0.4071110905561187, -0.017525486114932452, 0.22156731497379784, -0.5016951493294719, 0.07955245685092333, -0.5020357283705413, 0.7395350424413347];2537756728;21387088;12264234.06132479;-1011.7646849614036
546944;p1 * abs(x) ^ (-1.0 / (p2 + abs(p3 + x) ^ p4));-1013.2384638792784;[-1.7302245173940842, -2.40586258570395, -0.017892186956077034, 0.051284150873232376, 0.07915900803213895, -0.5024228473024372, -0.7397713386530679];6989607802;58870754;33784011.524700485;-1013.2384638792784
