n;expr;nll;coeff;sum_fevals;sum_restarts;sum_runtime;best_nll
1;abs(x / (p1 / abs(1.0 / x) ^ x - x)) ^ p2;2151.122525092892;[0.03324553329615582, -0.30656978040154714, 0.36439240911298315, -0.5089097137601258, -0.7289288666802936];7376;11;66.764503835;2151.122525092892
2;x + abs(x) ^ (p1 + abs(abs(x) ^ p2) ^ x);-945.3666208272199;[-0.5243616896938971, -0.3402566945797899, -0.0847025076818837, -0.5062143388584354, 0.7378535751044452];16113;111;89.961915841;-945.3666208272199
77;p1 + p2 * abs(x) ^ (p3 - abs(1.0 / x) ^ p4);-999.5989025447518;[-0.12819256863899403, 1.8574575440568053, 1.6603220087163633, 0.0422506140875204, -0.08085501084585062, -0.5025328844013159, 0.7400234636083031];1057576;9310;4100.401854879;-999.5989025447518
111;p1 / (p2 + p3 ^ (p4 ^ (abs(x) ^ p5)));-1001.1664689827452;[0.00013261533866002785, -1.0000011167768739, -11.36847220728607, 3.21395215276344e-5, 0.06726812507123378, 0.08075784294518967, -0.5024328059512034, -0.73992660172079];1503768;12800;6014.981006001001;-1001.1664689827452
677;p1 * abs(x) ^ (p2 * p3 ^ x) - x;-1002.5557262246664;[-0.7284711703240868, 0.4348375779118675, 0.5318087386282135, 0.08074520703574091, -0.5026556350727035, -0.7398161959195241];8338283;71731;39260.86168501605;-1002.5557262246664
2122;x + -1.0 / (x + p1 * (x + abs(x) ^ p2));-1002.6354302848865;[-1.1832074471969063, -0.46883721555153846, 0.08069150826731364, -0.5024479834075192, 0.7401742432258371];27397116;232524;134187.65725552788;-1002.6354302848865
2322;1.0 / (p1 ^ (abs(p2 + x) ^ p3) - abs(x) ^ p4);-1011.7646849614036;[0.4071110905561187, -0.017525486114932452, 0.22156731497379784, -0.5016951493294719, 0.07955245685092333, -0.5020357283705413, 0.7395350424413347];29783889;253110;145984.4434446808;-1011.7646849614036
26523;p1 * abs(x) ^ (-1.0 / (p2 + abs(p3 + x) ^ p4));-1013.2384638792784;[-1.7302245173940842, -2.40586258570395, -0.017892186956077034, 0.051284150873232376, 0.07915900803213895, -0.5024228473024372, -0.7397713386530679];336004100;2842374;1642868.6753535008;-1013.2384638792784
