n;expr;nll;coeff;sum_fevals;sum_restarts;sum_runtime;best_nll
1;abs(x + (x + abs(p1 ^ x) ^ p2)) ^ p3;-705.9848122223717;[114.19314612852541, -70.0714890915566, 0.6467658838616857, -0.09893169167479622, -0.4917752930579464, -0.7471162629329654];19195;161;55.878690964;-705.9848122223717
18;x + p1 * abs(p2 + p3 ^ -x) ^ p4;-1002.4404357226679;[0.8260522197623661, -1.0047835935520153, -4.0727661968873505, 0.5295678137982422, -0.08071998772245391, -0.5027197846204123, 0.7396908960024231];289303;1918;1483.156162202;-1002.4404357226679
1962;x + p1 * abs(x) ^ (p2 / (p3 + x));-1002.6858763267609;[0.7146417472173859, 0.47900602563436584, 1.1041456825424434, 0.08068618066508555, -0.5026854724643459, -0.7397542437316307];24704780;204335;115893.37433593905;-1002.6858763267609
4519;x / (p1 + abs(p2 + p3 ^ -x) ^ p4);-1002.8567715149225;[0.042233600008547624, -0.9974294354683354, -1.2670997353489037, 0.39592292230314285, -0.08067532980334816, -0.5023784765084066, 0.741474720780952];57071985;473659;275790.6683158262;-1002.8567715149225
4906;abs(x / p1 ^ (abs(1.0 / (p2 - x)) ^ p3)) ^ p4;-1008.9487656626258;[-0.33826595525274566, 0.03133255381791816, -0.343201492794439, 0.501489199676716, -0.08006275294369603, -0.5025022074631658, -0.7398529700335786];61945514;514642;301078.99318494566;-1008.9487656626258
123218;p1 + (abs(p2 + -1.0 / (p3 - x)) ^ x - x);-1010.8428845579119;[-1.0252474430328333, -0.775258498296267, -1.2719727716586922, -0.07914707905946171, -0.502644943118263, 0.7394415194348706];1575391701;13304584;7633455.719400898;-1010.8428845579119
736748;p1 * abs(x) ^ (-1.0 / (p2 + abs(p3 + x) ^ p4));-1013.2384638792784;[-1.7302245173940842, -2.40586258570395, -0.017892186956077034, 0.051284150873232376, 0.07915900803213895, -0.5024228473024372, -0.7397713386530679];9414432046;79362003;45528137.84191505;-1013.2384638792784
