n;expr;nll;coeff;sum_fevals;sum_restarts;sum_runtime;best_nll
1;4.0 * x - abs(x) ^ (1.0 / x);980.2275097191063;[-0.24492288757294622, -0.519081018773104, 0.7197231906760997];3047;64;6.474138713;980.2275097191063
2;x + p1 ^ (0.5 * (p2 ^ x / x));-29.254758431412952;[-0.8889677861786384, -15.69790006434071, -0.15192356630927153, -0.5018525393877188, 0.7443319884800477];13673;162;38.502398374;-29.254758431412952
3;p1 - p2 ^ (1.0 / (x * (p3 + x)) - x);-479.15789687653654;[-0.19662610704139824, 0.7151839972181598, 1.8794986073908244, -0.10397210628272899, -0.5050444824320289, -0.7305147438632981];53372;437;333.649975521;-479.15789687653654
9;abs(p1 * (p2 + x * (p3 + x))) ^ p4;-1002.5586991314918;[0.1819911656585433, 0.06159620850704378, 11.747162772773091, 0.6397501653348017, -0.08078151680382131, -0.5025959690501445, -0.7399564380245066];141432;1015;672.9028502650001;-1002.5586991314918
2378;p1 + 1.0 / (p2 - abs(abs(x) ^ (abs(x) ^ p3)) ^ p4);-1002.9692700658828;[-0.6096711643289099, 1.429900524510073, -0.23151617972446706, 0.21700992425915677, 0.08094165663648863, -0.502643128144416, -0.7399526851633138];29229363;246137;142383.04592019913;-1002.9692700658828
2917;x / (p1 + abs(1.0 / (p2 - p3 ^ x)) ^ p4);-1005.7946001268717;[0.05342658179812259, 0.9964644147365875, 0.8080752617145087, -0.38872238247179947, 0.07952380018732665, -0.5018328240290659, 0.7402201140872245];36345683;308670;177035.5115963303;-1005.7946001268717
13126;1.0 / (p1 ^ (abs(p2 + x) ^ p3) - abs(x) ^ p4);-1011.7646849614036;[0.4071110905561187, -0.017525486114932452, 0.22156731497379784, -0.5016951493294719, 0.07955245685092333, -0.5020357283705413, 0.7395350424413347];166594030;1412077;801016.7275538202;-1011.7646849614036
88213;p1 * abs(x) ^ (-1.0 / (p2 + abs(p3 + x) ^ p4));-1013.2384638792784;[-1.7302245173940842, -2.40586258570395, -0.017892186956077034, 0.051284150873232376, 0.07915900803213895, -0.5024228473024372, -0.7397713386530679];1122204470;9488888;5432463.128893285;-1013.2384638792784
