n;expr;nll;coeff;sum_fevals;sum_restarts;sum_runtime;best_nll
1;abs(x) ^ (p1 - abs(x) ^ (p2 / (p3 + -1.0 / x)));-156.68083236558894;[1.5562898121390019, 0.8418892758136921, -2.039229262825944, -0.1439337568377093, -0.49419691552848033, 0.7447314529879969];10658;108;90.019298331;-156.68083236558894
5;p1 + p2 / (p3 + abs(x) ^ p4);-999.2112255443429;[0.041859193472678365, 1.615335544294232, -0.048593019185436584, -0.6780025029780861, 0.0809453891286707, -0.5025617600208657, 0.7401352419205764];141075;1275;439.415659037;-999.2112255443429
48;p1 + p2 ^ (abs(x + 1.0 / (p3 + x)) ^ p4);-999.9139097991826;[-1.4067610123749459, -3.0762302034799864, 21.407693439110897, 0.34081618956909693, -0.08114007219170954, -0.5026710077051536, 0.7399868439014965];805141;6632;3468.374892256;-999.9139097991826
56;abs(abs(p1 + p2 / x) ^ p3) ^ (abs(x) ^ p4);-1001.046005157127;[-0.003847736198552741, 0.452413599556632, -0.6802292158178957, 0.032939124662569895, -0.08073016310399625, -0.5024992671829354, 0.7399828876169439];864386;7234;3629.4724419009995;-1001.046005157127
570;x / (p1 - abs(p2 + p3 ^ x) ^ p4);-1005.7946000742398;[-0.05342434698906572, -0.9964644226150798, 0.8080756487734997, 0.3887192654988941, -0.07952355787361264, -0.5018339066242004, -0.7402197572423603];7091158;61151;32651.53769382999;-1005.7946000742398
5349;p1 * x + p2 / (p3 + (p4 - x) ^ -1.0);-1007.2551822676962;[0.9785999031956678, -3.146456228162147, -3.374157047133217, -0.03314459082088774, -0.09042943911062021, -0.5033424976792752, 0.7407387465869494];69615458;580514;332119.042833761;-1007.2551822676962
17065;p1 * abs(x) ^ (1.0 / (p2 - abs(p3 + x) ^ p4));-1013.2384637845921;[-1.7302169269405268, 2.4058631050573074, -0.017892185557353994, 0.051285015586606246, -0.07915923994288941, -0.502424380432485, 0.7397716453383808];222077543;1872243;1074732.6507202443;-1013.2384637845921
176832;p1 * abs(x) ^ (-1.0 / (p2 + abs(p3 + x) ^ p4));-1013.2384638792784;[-1.7302245173940842, -2.40586258570395, -0.017892186956077034, 0.051284150873232376, 0.07915900803213895, -0.5024228473024372, -0.7397713386530679];2261661857;19094773;10934699.970428905;-1013.2384638792784
