evals;expr;nll;coeff;best_nll
1;p1 - abs(abs(p2 * x) ^ (x + -1.0 / x)) ^ p3;2210.6662810555604;[0.09055437329732186, 0.36128594390345914, -0.007436489591983949, -0.4332716934093116, -0.5047306725346417, 0.7314304466161553];2210.6662810555604
12;abs(p1 + p2 * x) ^ p3 - p4 ^ x;-978.891831654114;[1.0918744648587342, 0.6141735049163867, 1.1948621405858109, 0.12599982995717326, 0.08344392308598358, -0.5030892983479265, -0.7394381359554391];-978.891831654114
93;p1 + x * p2 ^ (p3 ^ (abs(x) ^ p4));-1002.4310970373236;[0.06173344368740511, -7.718888638522832, -0.2449500535022227, 0.40896317505831337, 0.08082985509937719, -0.5025878676581009, 0.7400142704214919];-1002.4310970373236
4321;x / (p1 + 1.0 / (x - p2 ^ (abs(x) ^ p3)));-1002.5316043674924;[0.9749824108778531, -3.5155114840949095, 0.49236787588355985, 0.08083097617482467, -0.5025005420514228, 0.740138783655975];-1002.5316043674924
6946;p1 + 1.0 / (p2 - abs(x) ^ (p3 * abs(x) ^ p4));-1002.9692701427483;[-0.6096699046631758, 1.4299014903497718, 0.2170101546005525, -0.23151606177254908, -0.08094192658778095, -0.5026433958964678, 0.7399532122988266];-1002.9692701427483
7032;p1 / (p2 - abs(p3 + p4 ^ x) ^ p5);-1003.6989277274411;[5.842012617752004, -0.12630281776928912, -0.9989526716856539, 1.1658067288358356, -0.6599524894390345, -0.08084063892434863, -0.5026956933781185, 0.739819503602783];-1003.6989277274411
9102;1.0 / (p1 + (abs(p2 + x) ^ p3 - abs(x) ^ p4));-1010.6836529352239;[-0.5957078086023595, -0.01746922723487599, -0.08848773483476888, -0.5093988359825178, 0.07949811207211603, -0.5020103840485436, 0.739397005439799];-1010.6836529352239
9213;1.0 / (p1 ^ (abs(p2 + x) ^ p3) - abs(x) ^ p4);-1011.7646849614036;[0.4071110905561187, -0.017525486114932452, 0.22156731497379784, -0.5016951493294719, 0.07955245685092333, -0.5020357283705413, 0.7395350424413347];-1011.7646849614036
167621;p1 * abs(x) ^ (-1.0 / (p2 + abs(p3 + x) ^ p4));-1013.2384638792784;[-1.7302245173940842, -2.40586258570395, -0.017892186956077034, 0.051284150873232376, 0.07915900803213895, -0.5024228473024372, -0.7397713386530679];-1013.2384638792784
