n;expr;nll;coeff;sum_fevals;sum_restarts;sum_runtime;best_nll
1;abs(abs(x + abs(x) ^ (abs(1.0 / x) ^ p1)) ^ p2) ^ p3;-974.9813034763822;[-0.08507082867020185, 0.3739715384260208, 1.9150175673535872, -0.08325084007429348, -0.4987444684544231, -0.7408602817501869];14938;121;47.264428463;-974.9813034763822
38;x * (p1 - abs(p2 ^ (abs(1.0 / x) ^ p3)) ^ p4);-991.1556807008244;[0.6904107022169385, -1.761575532474451, 0.2251987965273966, 1.580122024208959, 0.08155947057733175, -0.50257594107229, 0.7399781994704142];451943;3620;1564.2817932319997;-991.1556807008244
80;p1 + p2 ^ (abs(1.0 + p3 * x) ^ p4);-999.9204066061333;[-1.4062636471843533, -1.4846537597537857, 21.382461971437618, 0.3409548571269468, 0.08113950735852742, -0.5026709691516987, 0.739986930204242];1155304;8853;4825.700182281;-999.9204066061333
156;p1 + 1.0 / (p2 + p3 ^ (p4 + abs(x) ^ p5));-1003.1674052939825;[-5.207291414528156, 0.013013139034081802, 0.7377001735529084, 5.669242767310126, 0.62102030902076, -0.08062368819260242, -0.5026365285526051, -0.7399462528269208];2196733;17884;9142.745803320002;-1003.1674052939825
3716;x / p1 ^ (p2 ^ (abs(1.0 / (p3 - x)) ^ p4));-1007.5523644757578;[0.06295567201631226, -0.1914382654986521, 0.011994070103187364, -0.34818187524223226, 0.08036403961516476, -0.5025973856817813, 0.7398690517673692];46095562;394294;221308.75202038698;-1007.5523644757578
43323;abs(p1 ^ -(abs(p2 + x) ^ p3) / x) ^ p4;-1008.9487656825794;[2.956264170124384, -0.031332550747120436, 0.34319982212753736, -0.5014898602384159, 0.0800615192898822, -0.5025032660541453, 0.7398536238924905];549383388;4635888;2652503.773221086;-1008.9487656825794
46900;p1 * abs(x) ^ (-1.0 / (p2 + abs(p3 + x) ^ p4));-1013.2384638792784;[-1.7302245173940842, -2.40586258570395, -0.017892186956077034, 0.051284150873232376, 0.07915900803213895, -0.5024228473024372, -0.7397713386530679];596695265;5030549;2883321.719183167;-1013.2384638792784
