n;expr;nll;coeff;sum_fevals;sum_restarts;sum_runtime;best_nll
1;p1 ^ x - abs(x - abs(x) ^ x) ^ (1.0 / x);2134.5742816156308;[0.9309556786975188, 0.39293260299459154, -0.5013535988226506, -0.7430696722407819];15156;252;48.103871773;2134.5742816156308
6;x + abs(p1 / (1.0 + -1.0 / x)) ^ p2;-835.9823905493383;[0.14870515817264987, 0.3193665878594457, 0.08682552035791051, -0.5003908293217311, 0.7405281065865302];40674;625;180.33542041;-835.9823905493383
26;x * (p1 / (p2 - x) - abs(x) ^ p3);-999.8940753345935;[-98.99365200222788, 140.9535717209338, -0.49988980333721045, 0.0807834933171464, -0.5023638421879135, -0.7395070331267017];280631;2950;1328.0341790779999;-999.8940753345935
95;abs(p1 ^ x - abs(p2 + x) ^ p3) ^ p4;-1002.0808300558409;[-0.6072833753623058, 1.0056288472926622, 1.5714319084161532, 0.6257177242454273, 0.08074017859305425, -0.5026328874644028, 0.7399831555748282];1227117;11767;5315.862062989999;-1002.0808300558409
163;abs(p1 + abs(abs(x) ^ (p2 ^ x)) ^ p3) ^ p4;-1002.172537552213;[-0.2530713768180668, 0.9975237815118766, -0.28460208281187366, -1.8334953862352115, 0.08058367360581221, -0.5025237826412532, -0.7399316469549068];2251668;19364;10788.873780397;-1002.172537552213
473;p1 + p2 * (x + -1.0 / (p3 + abs(x) ^ p4));-1002.2597952564223;[1.3006793108111163, 0.948826663326863, 0.7594042970349699, 0.7406338276761899, 0.08080398638394624, -0.5025847184816526, 0.7400217715808943];6204322;51824;31655.79769387999;-1002.2597952564223
1243;1.0 / (abs(p1 + abs(x) ^ p2) ^ p3 - p4 ^ x);-1002.6847443260771;[0.9475609280047295, -0.7317616023414505, 0.6903200659991305, -0.9996340009563331, -0.08065013912012403, -0.5024491347182114, 0.7398478336180532];16633350;136433;82063.03366198993;-1002.6847443260771
2460;x + abs(p1 + abs(p2 + x) ^ p3) ^ (1.0 / x);-1002.7615115529184;[-0.2959490634869237, 0.05433972960105093, -0.08793245798871589, -0.08062027028276848, -0.5026946974694483, 0.7395427973039612];31929862;269266;158478.2860073558;-1002.7615115529184
7362;p1 * abs(x) ^ (-1.0 / (p2 + abs(p3 + x) ^ p4));-1013.2384638792784;[-1.7302245173940842, -2.40586258570395, -0.017892186956077034, 0.051284150873232376, 0.07915900803213895, -0.5024228473024372, -0.7397713386530679];94528109;791759;458738.668571225;-1013.2384638792784
