evals;expr;nll;coeff;mse;best_mse
1;1026435;abs(1.0 / (1.0 + x * (p1 - x))) ^ (1.0 / x);1.7976931348623157e308;1.7976931348623157e308;1.7976931348623157e308
2;322291;p1 + 1.0 / (x * (p2 + x * (-1.0 - x)));1.7976931348623157e308;1.7976931348623157e308;179769313486231570000000000000000000000000000000000000000000000000000000000000000000000000000000000000000000000000000000000000000000000000000000000000000000000000000000000000000000000000000000000000000000000000000000000000000000000000000000000000000000000000000000000000000000000000000000000000000000000000000
10;247083;(p1 * (x * x) - x) - p2 ^ x;751.9357077024627;3.73020738869367;3.73020738869367
11;15374;abs(p1 ^ (p2 * x - x)) ^ (p3 ^ x);-205.19387879294123;0.018844297460021364;0.018844297460021364
125;11848;p1 + abs(abs(p2 + -1.0 / (p3 - x)) ^ x) ^ p4;-238.12006474987504;0.015710004151304646;0.015710004151304646
202;5885;p1 / (1.0 / (p2 + abs(x) ^ x) - p3 ^ x);-317.802880118399;0.010115421772904616;0.010115421772904616
700;351;p1 + 1.0 / (p2 + (1.0 / x - abs(x) ^ -x));-533.8983500260274;0.003065355481932316;0.003065355481932316
2602;12;p1 * (x + -1.0 / (p2 + x * p3 ^ x));-638.8278984860593;0.001716765988147802;0.001716765988147802
40350;1;p1 / (1.0 / (p2 - x) - p3 ^ (p4 ^ x));-668.6547708198748;0.00145594173469909;0.00145594173469909
