n;expr;nll;coeff;sum_fevals;sum_restarts;sum_runtime;best_mse
1;abs(p1 / (x + p2 / (p3 + x))) ^ p4;-329.2837246551426;[-8.192369233270476, 1.07670677721949, -0.040252474681106355, 0.5161639251787051, 0.09743574540703025];26578;131;13.424742057;0.009493725314773374
158;p1 * p2 ^ (x / p3 ^ (p4 ^ -x));-483.78492564596775;[0.3560426280153951, -1.3407956316960206, -0.04232398832095585, 1.7684136048189694, -0.06358605964644598];688960;4669;428.6469528660001;0.00404318719933728
1096;1.0 / (p1 - abs(p2 + (x + x)) ^ (p3 ^ x));-574.8862451088262;[1.6031692890468952, 0.013127577293443321, -0.1699698465546872, -0.04943868202319216];3113821;27652;1764.3335596719987;0.0024441834129200575
1591;p1 * (1.0 / (p2 + x * p3 ^ x) - x);-638.8278984857627;[-0.3193956473568817, -0.5022263790640759, 0.3261767453794689, -0.0414338819748589];4444351;38908;2463.0584990939974;0.0017167659881505333
127988;p1 - abs(p2 + 1.0 / (p3 - p4 ^ x)) ^ p5;-642.5677312184043;[2.159918037272381, 2.101400648696144, -0.3724607788514376, 0.09547650822601118, 1.430813925145305, 0.041008089312527786];1434177096;3112038;1062783.308419412;0.0016816580179950789
409814;p1 / (abs(1.0 / x) ^ x - p2 ^ (p3 ^ x));-661.187970874199;[-1.9275804350248278, -4.0425341484973325, -0.4626950281228838, -0.038952020829361673];4186943723;9931939;3135643.8784494796;0.0015172598382402539
477894;p1 / (p2 ^ (p3 ^ x) - abs(1.0 / x) ^ x);-661.1879708742022;[1.927580431816604, 4.042534136469229, 0.4626950274627606, -0.0389520185097851];4638352548;11576911;3452031.8275505328;0.0015172598382402268
515057;p1 / (1.0 / (p2 - x) - p3 ^ (p4 ^ x));-668.6547708198748;[-2.222117918490698, -0.25295131557669676, 3.433805441623689e-5, 0.13702096272873504, 0.03815680479216008];4926999670;12473393;3660566.4218947743;0.00145594173469909
