evals;expr;nll;coeff;mse;best_mse
1;943257;1.0 / (x + p1 ^ (p2 + 0.5 / x));1.7976931348623157e308;1.7976931348623157e308;1.7976931348623157e308
2;996652;x / p1 ^ (x / (x + -1.0 / x)) - x;1.7976931348623157e308;1.7976931348623157e308;179769313486231570000000000000000000000000000000000000000000000000000000000000000000000000000000000000000000000000000000000000000000000000000000000000000000000000000000000000000000000000000000000000000000000000000000000000000000000000000000000000000000000000000000000000000000000000000000000000000000000000000
13;71195;(p1 + p2 ^ -x) / (p3 - abs(x) ^ x);11.000602959165054;0.062218662608216166;0.062218662608216166
20;1068;abs(p1 * p2 ^ x) ^ (p3 ^ (abs(1.0 / x) ^ x));-448.5717551899486;0.004911508843717505;0.004911508843717505
155;211;p1 / (p2 - abs(p3 + -1.0 / (p4 + x)) ^ p5);-561.2805348337423;0.002634993604154286;0.002634993604154286
1899;182;p1 * abs(abs(1.0 / (p2 - p3 ^ x)) ^ x) ^ p4;-568.8551891119515;0.002526997492343278;0.002526997492343278
12233;33;p1 / (p2 - abs(p3 + p4 ^ -x) ^ p5);-620.4787457230491;0.001899933368049132;0.001899933368049132
113668;34;1.0 / (p1 + abs(p2 / (p3 - p4 ^ x)) ^ p5);-620.4787457230293;0.001899933368049047;0.001899933368049047
162469;1;p1 / (1.0 / (p2 - x) - p3 ^ (p4 ^ x));-668.6547708198748;0.00145594173469909;0.00145594173469909
