evals;expr;nll;coeff;mse;best_mse
1;68726;p1 + p2 * (x + abs(x) ^ (-2.0 * x));9.532269388014697;0.06171596543420279;0.06171596543420279
6;868;p1 + abs(p2 + x) ^ (abs(x ^ -2.0) ^ x);-469.0627245697226;0.004385797236270932;0.004385797236270932
7217;512;p1 / abs(p2 + p3 * abs(1.0 / x) ^ x) ^ x;-509.4832639810725;0.0035080261254237656;0.0035080261254237656
7873;145;abs(p1 + x * (p2 + p3 ^ x)) ^ p4;-576.1742541406031;0.002426852166097559;0.002426852166097559
13301;33;p1 / (p2 - abs(p3 + p4 ^ -x) ^ p5);-620.4787457230491;0.001899933368049132;0.001899933368049132
41577;10;p1 * (x + -1.0 / (p2 + x / p3 ^ x));-638.8278984860632;0.0017167659881477805;0.0017167659881477805
54278;5;p1 / (abs(1.0 / x) ^ x - p2 ^ (p3 ^ x));-661.187970874199;0.0015172598382402539;0.0015172598382402539
314755;1;p1 / (1.0 / (p2 - x) - p3 ^ (p4 ^ x));-668.6547708198748;0.00145594173469909;0.00145594173469909
