evals;expr;nll;coeff;mse;best_mse
1;819228;abs(abs(p1 ^ (x ^ -2.0 - x)) ^ x) ^ p2;1.7976931348623157e308;1.7976931348623157e308;1.7976931348623157e308
2;11405;abs(p1 ^ (1.0 / (p2 + (x - x * x)))) ^ x;-242.13934674708474;0.015364992978908289;0.015364992978908289
33;2901;p1 ^ (1.0 / (p2 + x / (p3 + p4 ^ x)));-381.9909348890359;0.00709528891462962;0.00709528891462962
94;23;1.0 / (p1 - abs(p2 ^ (p3 ^ (p4 ^ x))) ^ x);-625.7107558181524;0.001845799806446029;0.001845799806446029
85577;1;p1 / (1.0 / (p2 - x) - p3 ^ (p4 ^ x));-668.6547708198748;0.00145594173469909;0.00145594173469909
